,molecule_chembl_id,canonical_smiles,class,MW,LogP,NumHDonors,NumHAcceptors,pIC50
2,CHEMBL185698,O=C1C(=O)N(CC2COc3ccccc3O2)c2ccc(I)cc21,inactive,421.19000000000005,2.6605000000000008,0.0,4.0,4.8696662315049934
3,CHEMBL426082,O=C1C(=O)N(Cc2cc3ccccc3s2)c2ccccc21,inactive,293.34700000000004,3.6308000000000016,0.0,3.0,4.8823973083099155
5,CHEMBL365134,O=C1C(=O)N(Cc2cc3ccccc3s2)c2c(Br)cccc21,active,372.24300000000005,4.393300000000003,0.0,3.0,6.008773924307505
7,CHEMBL190743,O=C1C(=O)N(Cc2cc3ccccc3s2)c2ccc(I)cc21,active,419.24300000000005,4.235400000000002,0.0,3.0,6.022276394711152
8,CHEMBL365469,O=C1C(=O)N(Cc2cc3ccccc3s2)c2cccc(Cl)c21,inactive,327.7920000000001,4.284200000000002,0.0,3.0,4.950781977329818
9,CHEMBL188983,O=C1C(=O)N(C/C=C/c2cc3ccccc3s2)c2ccc(I)cc21,inactive,445.28100000000006,4.748600000000002,0.0,3.0,4.628932137728263
10,CHEMBL191575,O=C(Nc1ccc(Cl)cc1)c1ccc(CN2C(=O)C(=O)c3cc(I)ccc32)s1,inactive,522.7510000000001,4.987900000000002,1.0,4.0,4.900664722314042
11,CHEMBL370923,O=C1C(=O)N(Cc2ccc(C(=O)N3CCCCC3)s2)c2ccc(I)cc21,inactive,480.327,3.708300000000003,0.0,4.0,4.756961951313706
12,CHEMBL194398,CCOC(=O)/C=C/[C@H](C[C@@H]1CCNC1=O)NC(=O)[C@@H](CC(=O)[C@@H](NC(=O)c1cc(C)on1)C(C)C)Cc1ccccc1,inactive,580.6820000000004,2.6858200000000014,3.0,8.0,4.346787486224656
13,CHEMBL196635,CCOC(=O)/C=C/[C@H](C[C@@H]1CCNC1=O)NC(=O)[C@H](CC=C(C)C)CC(=O)[C@@H](NC(=O)c1cc(C)on1)C(C)C,inactive,558.6760000000003,2.7994200000000014,3.0,8.0,4.154901959985743
14,CHEMBL209287,CCCCN1C(=O)C(=O)c2cc(I)ccc21,inactive,329.137,2.6206000000000014,0.0,2.0,4.180456064458132
15,CHEMBL358279,NC(=O)c1ccc2c(c1)C(=O)C(=O)N2Cc1ccc2ccccc2c1,active,330.34299999999996,2.6682000000000006,1.0,3.0,6.431798275933005
16,CHEMBL348660,NC(=O)c1ccc2c(c1)C(=O)C(=O)N2Cc1ccccc1,inactive,280.28299999999996,1.5150000000000001,1.0,3.0,4.903089986991944
17,CHEMBL379727,CCCCN1C(=O)C(=O)c2cc(C(N)=O)ccc21,inactive,246.26599999999996,1.1148999999999998,1.0,3.0,4.721246399047171
18,CHEMBL210525,CCCN1C(=O)C(=O)c2cc(C(N)=O)ccc21,inactive,232.23899999999998,0.7248,1.0,3.0,4.6020599913279625
19,CHEMBL148483,CN1C(=O)C(=O)c2cc(C(N)=O)ccc21,inactive,204.18499999999997,-0.05540000000000028,1.0,3.0,4.1487416512809245
21,CHEMBL118596,O=C1C(=O)N(Cc2ccccc2)c2ccc(I)cc21,inactive,363.15400000000005,3.0207000000000015,0.0,2.0,4.301029995663981
23,CHEMBL210146,COc1cccc(-c2nc(SCC(=O)Nc3ccc([N+](=O)[O-])cc3)nc(O)c2C#N)c1,inactive,437.4370000000002,3.3684800000000017,2.0,9.0,3.5228787452803374
24,CHEMBL207458,CCOC(=O)c1cnc(SCC(=O)Nc2ccc([N+](=O)[O-])cc2)nc1N,inactive,377.3820000000001,1.8744999999999998,2.0,9.0,3.6020599913279625
25,CHEMBL207484,COC(OC)c1cc(O)nc(SCC(=O)Nc2ccc(C(F)(F)F)cc2)n1,inactive,403.38200000000006,3.223200000000001,2.0,7.0,3.6989700043360187
26,CHEMBL207207,Cc1cc(O)nc(SCC(=O)Nc2cc(Cl)ccc2Oc2ccccc2)n1,inactive,401.8750000000001,4.667120000000002,2.0,6.0,4.0
27,CHEMBL210487,CCC(Sc1nc(O)c(C#N)c(-c2cccc(OC)c2)n1)C(=O)Nc1ccc(C(C)=O)cc1,inactive,462.53100000000023,4.441480000000004,2.0,8.0,4.221848749616356
28,CHEMBL380470,COc1ccc(NC(=O)CSc2nc(O)cc(-c3ccccc3)n2)cc1OC,inactive,397.45600000000013,3.5972000000000017,2.0,7.0,4.346787486224656
29,CHEMBL210612,CC(C)c1ccc(NC(=O)CSc2nccc(-c3cccs3)n2)cc1,inactive,369.51500000000004,5.059300000000004,1.0,5.0,4.3979400086720375
30,CHEMBL209667,O=C(CSc1nccc(-c2cc(-c3ccccc3Cl)no2)n1)Nc1ccc(Cl)cc1,inactive,457.3420000000001,5.8362000000000025,1.0,6.0,4.823908740944319
31,CHEMBL210097,O=C(CSc1nccc(-c2cc(-c3ccc(Cl)cc3Cl)no2)n1)Nc1ccc(C(F)(F)F)cc1,inactive,525.3390000000002,6.855000000000004,1.0,6.0,4.823908740944319
32,CHEMBL378674,CSc1sc(-c2nc(C)cs2)c(C)c1-c1ccnc(SCC(=O)Nc2ccccc2Cl)n1,inactive,519.1420000000002,7.051540000000005,1.0,8.0,4.920818753952375
33,CHEMBL210216,Cc1nc(SCC(=O)Nc2ccc([N+](=O)[O-])cc2)nc(O)c1C,inactive,334.3570000000001,2.43804,2.0,7.0,3.0
34,CHEMBL210195,Cc1cc(C(F)(F)F)nc(SCC(=O)Nc2ccc(Cl)cc2F)n1,inactive,379.766,4.327120000000001,1.0,4.0,3.3010299956639813
35,CHEMBL210437,COc1ccc(-c2ccnc(SCC(=O)Nc3ccc(C(C)C)cc3)n2)cc1,inactive,393.51200000000006,5.006400000000004,1.0,5.0,3.3979400086720375
36,CHEMBL378677,CC(C)(C)c1ccc(NC(=O)CSc2nc(O)c(C#N)c(C3CCCCC3)n2)cc1,inactive,424.5700000000003,5.129880000000004,2.0,6.0,3.4559319556497243
37,CHEMBL210972,CC(Sc1nc(O)c(C#N)c(-c2ccccc2)n1)C(=O)Nc1ccc(Cl)cc1,inactive,410.8860000000001,4.493580000000002,2.0,6.0,3.5228787452803374
38,CHEMBL210145,CCOc1ccc(N2C(=O)CC(Sc3nc(C)cc(C)n3)C2=O)cc1,inactive,357.43500000000006,2.9163400000000017,0.0,6.0,3.5228787452803374
39,CHEMBL377225,N#Cc1c(O)nc(SCC(=O)Nc2cccc(C(F)(F)F)c2)nc1-c1ccccc1,inactive,430.41100000000006,4.470480000000003,2.0,6.0,3.6989700043360187
40,CHEMBL210823,CCCCc1ccc(NC(=O)CSc2nc(O)c(C#N)c(C3CCCCC3)n2)c(C)c1,inactive,438.5970000000003,5.483400000000005,2.0,6.0,3.6989700043360187
41,CHEMBL207381,CC(C)c1ccc(NC(=O)CSc2nccc(-c3csc(COc4ccccc4Cl)n3)n2)cc1,inactive,511.07200000000023,6.686700000000005,1.0,7.0,3.6989700043360187
42,CHEMBL210511,Cc1cc(O)nc(SCC(=O)Nc2ccc(Oc3ccc(Cl)cc3)cc2)n1,inactive,401.87500000000006,4.667120000000002,2.0,6.0,3.6989700043360187
43,CHEMBL210632,COc1cccc(-c2nc(SCC(=O)Nc3ccc(C(C)=O)cc3)nc(O)c2C#N)c1,inactive,434.4770000000002,3.662880000000002,2.0,8.0,4.221848749616356
44,CHEMBL210497,COc1cccc(-c2nc(SCC(=O)Nc3ccc(S(N)(=O)=O)cc3)nc(O)c2C#N)c1,inactive,471.5200000000002,2.10768,3.0,9.0,4.3979400086720375
45,CHEMBL208584,CCCc1cc(O)nc(SCC(=O)Nc2ccc(Cl)cc2)n1,inactive,337.83200000000005,3.518900000000002,2.0,5.0,4.522878745280337
46,CHEMBL208763,O=C(CSc1nccc(-c2cc(-c3ccccc3)no2)n1)Nc1ccc(Cl)cc1,inactive,422.89700000000005,5.182800000000002,1.0,6.0,4.823908740944319
47,CHEMBL209227,Cc1nc(-c2nc(-c3ccnc(SCC(=O)Nc4ccc(Cl)cc4)n3)cs2)cs1,inactive,460.00900000000007,5.416220000000003,1.0,8.0,4.853871964321762
48,CHEMBL210092,CSc1sc(-c2nc(C)cs2)c(C)c1-c1ccnc(SCC(=O)Nc2ccc(Cl)cc2)n1,inactive,519.1420000000002,7.051540000000005,1.0,8.0,4.958607314841775
49,CHEMBL377150,Cn1nc(-c2ccc(-c3ccnc(SCC(=O)Nc4ccc(Cl)cc4)n3)s2)cc1C(F)(F)F,inactive,509.966,6.008600000000003,1.0,7.0,5.0
50,CHEMBL212454,O=C(Oc1ccc(S(=O)(=O)c2ccc(OC(=O)C(Cl)=C(Cl)Cl)cc2)cc1)C(Cl)=C(Cl)Cl,active,565.041,6.101200000000001,0.0,6.0,6.045757490560675
52,CHEMBL380403,O=[N+]([O-])c1cc(C(F)(F)F)ccc1S(=O)(=O)c1ccc(Cl)cc1,inactive,365.716,4.099800000000001,0.0,4.0,4.920818753952375
53,CHEMBL212504,Cc1nc(S(=O)(=O)c2ccccc2)c(C#N)c(C)c1[N+](=O)[O-],inactive,317.3260000000001,2.3111200000000007,0.0,6.0,4.886056647693163
54,CHEMBL211969,Cc1ccc(S(=O)(=O)c2nc(C)c([N+](=O)[O-])c(C)c2C#N)cc1,inactive,331.35300000000007,2.6195400000000006,0.0,6.0,4.886056647693163
55,CHEMBL384739,O=[N+]([O-])c1ccc(S(=O)(=O)c2ccc(Cl)cc2)[n+]([O-])c1,inactive,314.706,1.7143999999999997,0.0,5.0,4.823908740944319
56,CHEMBL215732,CCOC(=O)/C(C#N)=C/Nc1ccc(S(=O)(=O)c2ccc(/N=C/C(C#N)=C(\O)OCC)cc2)cc1,inactive,494.5290000000002,3.933860000000003,2.0,10.0,4.795880017344075
57,CHEMBL212240,O=C(O)c1ccc(S(=O)(=O)c2cc(Br)c(O)c(Br)c2)cc1,inactive,436.07700000000006,3.448200000000001,2.0,4.0,4.795880017344075
58,CHEMBL377253,CC(=O)c1ccccc1S(=O)(=O)c1ccccc1C(=O)O,inactive,304.32300000000004,2.4202000000000004,1.0,4.0,4.795880017344075
59,CHEMBL215397,O=[N+]([O-])c1ccc(S(=O)(=O)c2ccc([N+](=O)[O-])cc2)cc1,inactive,308.271,2.3358,0.0,6.0,4.6020599913279625
60,CHEMBL378342,CCOC(=O)C(=CNc1ccc(S(=O)(=O)c2ccc(/N=C/C(C(=O)OCC)=C(\O)OCC)cc2)cc1)C(=O)OCC,inactive,588.6350000000002,4.012900000000003,2.0,12.0,4.494850021680094
63,CHEMBL212190,Cc1oc(C(C)(C)C)cc1-c1cc(NS(=O)(=O)c2cccs2)[nH]n1,inactive,365.48,4.137920000000002,2.0,5.0,5.0
64,CHEMBL378700,CSc1[nH]nc(NC(=O)c2cccs2)c1S(=O)(=O)c1ccccc1,inactive,379.4880000000001,3.278200000000001,2.0,6.0,4.823908740944319
65,CHEMBL212019,CC1(C)CC(=O)c2c(NCc3ccco3)sc(C#N)c2C1,inactive,300.3830000000001,3.979980000000003,1.0,5.0,4.795880017344075
66,CHEMBL212399,CSc1nn(-c2c([N+](=O)[O-])c(C)nn2C)c(-c2cccs2)c1C#N,inactive,360.42400000000004,3.1445000000000016,0.0,9.0,4.7447274948966935
67,CHEMBL215733,O=S(=O)(Cc1[nH]c(-c2ccc(Cl)s2)c[s+]1)c1cccs1.[Br-],inactive,362.93000000000006,4.774600000000001,1.0,4.0,4.7447274948966935
68,CHEMBL375130,Cc1nn(C)c(NCc2ccc(-c3cccs3)s2)c1[N+](=O)[O-],inactive,334.4260000000001,4.038820000000003,1.0,7.0,4.698970004336019
69,CHEMBL214372,O=C(Cc1nccs1)c1nccs1,inactive,210.28300000000002,2.025,0.0,5.0,4.3979400086720375
70,CHEMBL212218,Cc1cc(S(=O)(=O)c2c([N+](=O)[O-])cc(C(F)(F)F)cc2[N+](=O)[O-])c(Cl)cc1Cl,active,459.1850000000002,4.969820000000001,0.0,6.0,6.522878745280337
71,CHEMBL222840,O=C(Oc1cncc(Cl)c1)c1ccco1,active,223.615,2.5472,0.0,4.0,7.221848749616356
72,CHEMBL222769,O=C(Oc1cncc(Cl)c1)c1ccc(-c2ccc(Cl)cc2)o1,active,334.158,4.867600000000002,0.0,4.0,7.200659450546418
73,CHEMBL222735,COc1cccc(C(=O)Oc2cncc(Cl)c2)c1,active,263.68,2.9628000000000014,0.0,4.0,6.468521082957745
74,CHEMBL222628,O=C(Oc1cncc(Cl)c1)c1cscn1,active,240.67100000000002,2.4107000000000003,0.0,5.0,6.568636235841013
75,CHEMBL222893,O=C(Oc1cncc(Cl)c1)c1cc2ccccc2s1,active,289.74300000000005,4.168900000000002,0.0,4.0,7.022276394711152
76,CHEMBL225515,O=C(Oc1cncc(Cl)c1)c1cc2ccccc2[nH]1,active,272.69100000000003,3.435500000000001,1.0,3.0,7.187086643357144
77,CHEMBL222234,O=C(Oc1cncc(Br)c1)c1ccco1,active,268.066,2.6563000000000008,0.0,4.0,7.301029995663981
78,CHEMBL426898,O=C(Oc1cncc(Cl)c1)c1cc2ccccc2o1,active,273.67500000000007,3.700400000000002,0.0,4.0,6.769551078621726
79,CHEMBL187266,Cc1coc2c1C(=O)C(=O)c1c-2ccc2c1CCCC2(C)C,inactive,294.35,4.247920000000003,0.0,3.0,4.050122295963125
80,CHEMBL215254,Cc1coc2c1C(=O)C(=O)c1c-2ccc2c1CCCC2(C)CO,inactive,310.34900000000005,3.2203200000000023,1.0,4.0,4.605548319173784
81,CHEMBL2146517,COC(=O)[C@@]1(C)CCCc2c1ccc1c2C(=O)C(=O)c2c(C)coc2-1,inactive,338.3590000000001,3.4010200000000026,0.0,5.0,4.675717544702307
82,CHEMBL187460,C[C@H]1COC2=C1C(=O)C(=O)c1c2ccc2c1CCCC2(C)C,inactive,296.366,3.4433000000000025,0.0,3.0,3.6445484798734826
83,CHEMBL363535,Cc1coc2c1C(=O)C(=O)c1c-2ccc2c(C)cccc12,inactive,276.291,4.095640000000003,0.0,3.0,4.412289034981089
84,CHEMBL227075,Cc1cccc2c3c(ccc12)C1=C(C(=O)C3=O)[C@@H](C)CO1,inactive,278.307,3.2910200000000023,0.0,3.0,4.841637507904751
85,CHEMBL45830,CC(C)C1=Cc2ccc3c(c2C(=O)C1=O)CCCC3(C)C,inactive,282.3829999999999,4.105300000000004,0.0,2.0,4.675717544702307
